mtu_length,0.00000
0.13179936,0.00000000
0.13734808,0.00000000
0.14289680,0.00000000
0.14844552,0.00000000
0.15399424,0.00000000
0.15954295,0.04777150
0.16509167,0.62013686
0.17064039,1.44912819
0.17618911,2.33455007
0.18173782,3.24816120
0.18728654,4.17856641
0.19283526,5.11799059
0.19838398,6.05219488
0.20393270,6.91341553
0.20948141,7.47206162
0.21503013,7.86113658
0.22057885,8.22265048
0.22612757,8.57908463
0.23167629,8.92818000
0.23722500,9.07719855
0.24277372,11.65023228
0.24832244,20.67075818
0.25387116,30.87903723
0.25941988,45.13529801
0.26496859,67.19535429
0.27051731,100.35801349
0.27606603,145.71534824
0.28161475,202.30372281
0.28716347,270.28292198
0.29271218,349.90126923
0.29826090,441.55720350
0.30380962,544.89604302
0.30935834,656.98372499
0.31490706,773.40419231
0.32045577,891.55789773
0.32600449,1010.06420611
0.33155321,1128.61381827
0.33710193,1247.20478109
0.34265065,1365.86698757
0.34819936,1484.89693022
