mtu_length,0.00000
0.32679528,0.00000000
0.33063118,0.00000000
0.33446707,0.00000000
0.33830297,0.00000000
0.34213887,0.39405666
0.34597477,6.21192742
0.34981066,18.36923398
0.35364656,33.00373498
0.35748246,49.27746859
0.36131836,66.65500602
0.36515425,85.51419016
0.36899015,105.26205925
0.37282605,125.58655528
0.37666195,146.44793869
0.38049784,167.90129103
0.38433374,189.57045347
0.38816964,210.02581580
0.39200554,225.50165009
0.39584143,236.85208575
0.39967733,247.20347234
0.40351323,257.30709080
0.40734913,267.33852386
0.41118502,276.97648381
0.41502092,280.18446095
0.41885682,281.51398452
0.42269272,277.25386046
0.42652861,263.52528888
0.43036451,250.53067757
0.43420041,241.80304592
0.43803631,238.25228593
0.44187220,239.23953971
0.44570810,244.03739761
0.44954400,252.39077098
0.45337989,264.17310015
0.45721579,278.89115876
0.46105169,295.67343850
0.46488759,313.64897241
0.46872348,332.19270970
0.47255938,350.93117936
0.47639528,369.71029257
