mtu_length,0.00000
0.35433968,0.00000000
0.35704224,0.00007936
0.35974481,0.00294517
0.36244737,0.04894673
0.36514993,0.29483039
0.36785250,0.74596110
0.37055506,1.33145316
0.37325763,2.01172262
0.37596019,2.75968388
0.37866275,3.55618259
0.38136532,4.38713516
0.38406788,5.23855227
0.38677045,6.08181925
0.38947301,6.78227237
0.39217557,7.23161009
0.39487814,7.61082972
0.39758070,7.97519208
0.40028327,8.33511728
0.40298583,8.67575223
0.40568839,8.77311939
0.40839096,12.57470745
0.41109352,20.39429404
0.41379609,29.15983046
0.41649865,40.51048436
0.41920122,56.17618964
0.42190378,77.36676507
0.42460634,104.56217222
0.42730891,137.44752147
0.43001147,174.82903310
0.43271404,217.16452386
0.43541660,265.33573899
0.43811916,318.60922377
0.44082173,376.54244368
0.44352429,439.10549740
0.44622686,506.77976062
0.44892942,579.58272164
0.45163198,655.17319910
0.45433455,732.00651656
0.45703711,809.52310071
0.45973968,887.35590759
