mtu_length,0.00000
0.24719895,0.00000000
0.25709638,0.00000000
0.26699382,0.00009712
0.27689125,0.00944867
0.28678869,0.13162325
0.29668612,0.43706600
0.30658356,0.84138829
0.31648100,1.30812506
0.32637843,1.81733972
0.33627587,2.35603032
0.34617330,2.91504435
0.35607074,3.48508740
0.36596818,4.04488905
0.37586561,4.49184382
0.38576305,4.77623808
0.39566048,5.02126626
0.40555792,5.25801253
0.41545536,5.49216416
0.42535279,5.70231560
0.43525023,5.74178541
0.44514766,9.41678008
0.45504510,15.16437255
0.46494253,22.17323684
0.47483997,32.41301428
0.48473741,48.22334429
0.49463484,71.31513831
0.50453228,101.91035685
0.51442971,139.42841643
0.52432715,184.16052931
0.53422459,236.26272548
0.54412202,295.93618673
0.55401946,362.76127828
0.56391689,434.55866629
0.57381433,508.74094212
0.58371177,583.86097769
0.59360920,659.18413689
0.60350664,734.58477535
0.61340407,810.05810734
0.62330151,885.62969429
0.63319895,961.48175216
