mtu_length,0.00000
0.24719895,0.00000000
0.25709638,0.00000000
0.26699382,0.00928815
0.27689125,0.87116030
0.28678869,11.46640132
0.29668612,37.51928396
0.30658356,71.85102928
0.31648100,111.58243633
0.32637843,155.39359134
0.33627587,202.45983785
0.34617330,251.66708449
0.35607074,302.46033514
0.36596818,354.33008054
0.37586561,405.19825061
0.38576305,445.71737680
0.39566048,472.59213177
0.40555792,496.03506528
0.41545536,518.70535733
0.42535279,541.16226891
0.43525023,562.47299398
0.44514766,564.51478502
0.45504510,562.19805690
0.46494253,545.27316255
0.47483997,509.95359716
0.48473741,469.86522757
0.49463484,428.73284174
0.50453228,389.01180489
0.51442971,351.48448955
0.52432715,315.12164221
0.53422459,279.72199038
0.54412202,245.57153034
0.55401946,212.58349592
0.56391689,180.71393154
0.57381433,149.83573688
0.58371177,119.41253661
0.59360920,89.11850408
0.60350664,58.89256786
0.61340407,29.00384823
0.62330151,2.81919968
0.63319895,-0.00000000
