mtu_length,0.00000
0.24046103,0.00000000
0.24396359,0.00000000
0.24746615,0.00000000
0.25096872,0.00000000
0.25447128,0.01992199
0.25797385,0.42239001
0.26147641,1.28271767
0.26497898,2.29803549
0.26848154,3.39800858
0.27198410,4.55188901
0.27548667,5.74155170
0.27898923,6.95216311
0.28249180,8.15757543
0.28599436,9.23361365
0.28949692,9.91172786
0.29299949,10.42749902
0.29650205,10.91495995
0.30000462,11.39617839
0.30350718,11.86303534
0.30700974,12.03420173
0.31051231,16.16416459
0.31401487,27.56654913
0.31751744,40.39733787
0.32102000,57.66019757
0.32452256,82.90571731
0.32802513,118.95148600
0.33152769,166.85369241
0.33503026,225.39386473
0.33853282,293.94447975
0.34203539,373.75598240
0.34553795,464.11393764
0.34904051,564.79685573
0.35254308,676.04963097
0.35604564,797.38065354
0.35954821,924.33005689
0.36305077,1053.86748362
0.36655333,1184.54128979
0.37005590,1315.51021982
0.37355846,1446.54522923
0.37706103,1577.64010068
