muscle,F_max,l_opt,l_slack,v_max,W,C,N,K,E_REF
bifemsh_r,505.3293447064984,0.10425209627271026,0.11502434483612788,15.000000000177602,0.7667513160123838,-1.7965310820407197,1.5000000001776024,5.000000000177602,0.040000000095342735
gastroc_r,4075.354492058524,0.052446833871050084,0.39342677935713016,15.000000066179656,0.7487664013195299,-1.8883999262107676,1.5000000657161283,5.0000000658363035,0.04000009178729531
glutmax_r,3334.4536234197944,0.15840964345884964,0.04580637336998707,15.000000001500178,0.7509113969227345,-1.8782533858943233,1.5,5.0,0.02062795669233632
hamstrings_r,3685.405646860352,0.06916301432911624,0.34779359184760245,15.00000006759216,0.9334415383481626,-3.2141537297574354,1.5000000665578797,5.000000066826026,0.04000003810408412
iliopsoas_r,2484.5074684648225,0.11351635103379608,0.13108060345751643,15.000000045786642,0.8124891983264516,-1.7949040005299226,1.500000045784791,5.000000045785271,0.040000027205943756
rectfem_r,1829.8383218725248,0.08787787228078343,0.34478924189689564,15.000000001470669,1.0702664430406796,-4.999999996007219,1.5,5.0,0.010000000030196908
soleus_r,6545.951547364834,0.04381718889197102,0.2493413486793583,15.000000096990908,0.7418728783349263,-1.5937058449997268,1.5000000969892548,5.000000096989683,0.04000009960675376
tibant_r,1938.1611864177476,0.06878943736168754,0.2369898731855931,15.000000000000002,0.7679244712008386,-1.673766565490022,1.5000000000000002,5.000000000000001,0.040000051022621864
vasti_r,8891.485051197345,0.09648871400344793,0.1009951023208841,15.000000099999713,1.4546046934811272,-11.521303892910868,1.5000000999997134,5.000000099999713,0.04000000000004607
edl_r,545.109732596365,0.0761742952009894,0.3606594567375691,10.0000000004975,0.6392720936244161,-2.1864338673644843,1.5000000004975,5.0000000004975,0.04000000000000001
fdl_r,381.0159853114674,0.0446644303964724,0.37754788914734433,10.000000099999998,0.7106307176008355,-2.2956447487653384,1.500000099999999,5.000000099999999,0.04000004907351929
