muscle,F_max,l_opt,l_slack,v_max,W,C,N,K,E_REF
edl_r,545.109732596365,0.0761742952009894,0.3606594567375691,10.0000000004975,0.6392720936244161,-2.1864338673644843,1.5000000004975,5.0000000004975,0.04000000000000001
fdl_r,381.0159853114674,0.0446644303964724,0.37754788914734433,10.000000099999998,0.7106307176008355,-2.2956447487653384,1.500000099999999,5.000000099999999,0.04000004907351929
